timestamp,vus,vus_max,data_received_bytes_s,data_sent_bytes_s,http_reqs_per_s,http_req_failed_rate,http_req_duration_avg_ms,http_req_duration_p95_ms,http_req_blocked_avg_ms,http_req_connecting_avg_ms,http_req_tls_handshaking_avg_ms,http_req_sending_avg_ms,http_req_waiting_avg_ms,http_req_receiving_avg_ms,iterations_per_s
1787256564,0,0,0.0,0.0,1,0.0,466.216,466.216,1.55,0.16,0,1.728,463.336,1.152,0.0
1787256565,1,50,287,194,0.0,0.0,0.0,0.0,0.0,0.0,0.0,0.0,0.0,0.0,1
1787256566,1,50,1539,409,2,0.0,462.798,462.879,0.006,0,0,0.03,462.666,0.103,2
1787256567,1,50,304,194,2,0.0,310.41,391.501,0.01,0,0,0.039,310.3,0.071,1
1787256568,2,50,807,414,1,0.0,927.994,927.994,0.181,0.135,0,0.049,927.862,0.082,2
1787256569,2,50,1543,409,3,0.0,488.089,845.523,0.018,0,0,0.02,487.998,0.071,2
1787256570,2,50,1329,383,2,0.0,325.401,413.346,0.005,0,0,0.017,325.324,0.061,2
1787256571,3,50,833,414,4,0.0,366.785,415.384,0.043,0.027,0,0.025,366.625,0.135,2
1787256572,3,50,2148,797,3,0.0,391.29,415.41,0.008,0,0,0.035,390.297,0.958,4
1787256573,3,50,2137,892,3,0.0,277.996,355.569,0.009,0,0,0.131,277.771,0.094,4
1787256574,3,50,2336,892,5,0.0,301.529,405.351,0.037,0.025,0,0.029,301.432,0.069,4
1787256575,4,50,2713,1017,4,0.0,292.209,353.929,0.006,0,0,0.023,292.122,0.064,5
1787256576,4,50,1082,703,6,0.0,262.812,405.402,0.006,0,0,0.032,262.716,0.064,3
1787256577,4,50,3430,1275,5,0.0,316.529,419.574,0.005,0,0,0.019,316.35,0.16,6
1787256578,5,50,3764,1206,7,0.0,346.27,393.06,0.037,0.022,0,0.027,346.142,0.101,6
1787256579,5,50,3522,1180,6,0.0,292.978,356.28,0.006,0,0,0.024,292.88,0.074,6
1787256580,5,50,5283,1364,5,0.0,291.092,372.974,0.011,0,0,0.041,290.954,0.097,7
1787256581,6,50,3522,1431,8,0.0,322.614,358.288,0.028,0.017,0,0.024,322.513,0.077,7
1787256582,6,50,4597,1369,6,0.0,316.333,361.415,0.006,0,0,0.023,316.232,0.078,7
1787256583,6,50,3978,1232,8,0.0,340.144,777.042,0.006,0,0,0.021,340.055,0.068,6
1787256584,6,50,3610,1431,9,0.0,304.478,354.098,0.025,0.014,0,0.023,304.391,0.064,7
1787256585,7,50,6438,1972,8,0.0,303.094,357.728,0.005,0,0,0.019,302.467,0.609,10
1787256586,7,50,5115,1589,7,0.0,333.972,820.216,0.015,0,0,0.068,333.828,0.076,8
1787256587,7,50,6148,2029,9,0.0,310.472,354.791,0.01,0,0,0.033,310.308,0.132,10
1787256588,8,50,5765,1333,9,0.0,382.775,802.616,0.033,0.021,0,0.027,382.632,0.116,7
1787256589,8,50,5432,2034,10,0.0,295.453,350.369,0.01,0,0,0.033,295.285,0.135,10
1787256590,8,50,5805,1584,10,0.0,305.297,374.697,0.006,0,0,0.023,305.197,0.077,8
1787256591,9,50,5021,2496,12,0.0,283.124,358.656,0.02,0.01,0,0.031,282.973,0.12,12
1787256592,9,50,6633,2498,10,0.0,300.425,351.782,0.01,0,0,0.029,300.278,0.118,12
1787256593,9,50,7271,2732,11,0.0,313.809,349.531,0.008,0,0,0.03,313.667,0.112,13
1787256594,9,50,5852,1835,14,0.0,294.562,349.844,0.09,0.062,0,0.035,294.46,0.067,9
1787256595,10,50,7690,2831,13,0.0,280.779,351.189,0.006,0,0,0.024,280.658,0.098,14
1787256596,11,50,7543,2827,16,0.0,297.562,364.786,0.023,0.008,0,0.04,297.437,0.084,13
1787256597,11,50,7313,2637,12,0.0,304.774,348.114,0.061,0.037,0,0.054,304.638,0.081,13
1787256598,12,50,8206,3051,15,0.0,283.971,349.548,0.006,0,0,0.021,283.842,0.109,15
1787256599,13,50,9798,2984,14,0.0,331.414,366.25,0.029,0.016,0,0.029,331.277,0.108,15
1787256600,13,50,9478,3100,20,0.0,341.012,692.986,0.017,0.006,0,0.033,340.846,0.133,16
1787256601,14,50,11081,3592,16,0.0,275.192,363.473,0.012,0,0,0.049,275.052,0.091,18
1787256602,15,50,12496,3651,18,0.0,259.871,357.399,0.021,0.009,0,0.035,259.603,0.234,18
1787256603,15,50,12208,3971,20,0.0,275.704,355.194,0.016,0.008,0,0.023,275.586,0.095,19
1787256604,16,50,14322,4410,20,0.0,307.51,682.631,0.009,0,0,0.034,307.404,0.072,22
1787256605,17,50,15512,4945,25,0.0,262.335,357.75,0.011,0.005,0,0.02,262.249,0.066,24
1787256606,17,50,14516,4578,23,0.0,267.617,352.682,0.015,0.007,0,0.023,267.512,0.082,23
1787256607,18,50,12785,4321,26,0.0,270.866,352.389,0.006,0,0,0.023,270.775,0.068,21
1787256608,19,50,16787,5150,22,0.0,258.651,353.055,0.017,0.008,0,0.032,258.537,0.081,26
1787256609,19,50,15362,5077,28,0.0,241.349,344.425,0.017,0.007,0,0.03,241.238,0.08,26
1787256610,20,50,14945,5502,25,0.0,277.919,354.585,0.006,0,0,0.02,277.786,0.112,26
1787256611,21,50,20138,5433,28,0.0,272.912,353.271,0.027,0.016,0,0.032,272.778,0.102,27
1787256612,21,50,15816,5082,31,0.0,298.933,358.687,0.015,0.005,0,0.032,298.836,0.065,25
1787256613,22,50,16368,5288,24,0.0,283.776,355.105,0.007,0,0,0.024,283.679,0.073,26
1787256614,23,50,21784,6178,30,0.0,260.333,349.752,0.016,0.006,0,0.026,260.209,0.098,31
1787256615,23,50,18374,5559,30,0.0,271.235,359.684,0.012,0.005,0,0.027,271.13,0.078,28
1787256616,24,50,15901,5113,20,0.0,461.714,872.37,0.011,0,0,0.023,461.59,0.101,25
1787256617,25,50,15426,5269,32,0.0,403.13,840.449,0.013,0.005,0,0.021,403.024,0.086,26
1787256618,25,50,17791,6493,32,0.0,282.075,376.018,0.017,0.008,0,0.026,281.989,0.059,31
1787256619,26,50,23737,6812,31,0.0,298.306,414.396,0.006,0,0,0.021,298.211,0.074,34
1787256620,27,50,20438,7202,33,0.0,276.377,387.795,0.016,0.006,0,0.031,276.247,0.098,35
1787256621,27,50,19932,6529,36,0.0,334.812,578.402,0.01,0.003,0,0.025,334.712,0.076,33
1787256622,28,50,22586,7007,34,0.0,302.804,397.173,0.006,0,0,0.022,302.713,0.069,34
1787256623,29,50,21203,7121,38,0.0,315.556,461.259,0.028,0.005,0,0.025,315.461,0.07,35
1787256624,29,50,26848,7741,38,0.0,264.725,345.988,0.012,0.006,0,0.02,264.643,0.062,39
1787256625,30,50,24728,8278,41,0.0,257.384,349.725,0.005,0,0,0.019,257.301,0.065,40
1787256626,31,50,23343,8632,44,0.0,270.291,360.872,0.009,0.002,0,0.02,270.208,0.062,40
1787256627,31,50,28793,8690,40,0.0,249.54,355.533,0.013,0.006,0,0.02,249.44,0.08,43
1787256628,32,50,28813,8785,43,0.0,243.282,346.011,0.005,0,0,0.02,243.2,0.062,43
1787256629,33,50,24747,8266,41,0.0,249.254,347.79,0.01,0.004,0,0.02,249.174,0.061,40
1787256630,33,50,28104,9406,48,0.0,244.887,354.508,0.011,0.003,0,0.022,244.803,0.062,46
1787256631,34,50,25272,9383,46,0.0,265.285,361.905,0.007,0,0,0.022,265.194,0.069,46
1787256632,35,50,29795,10372,50,0.0,251.32,348.859,0.008,0.002,0,0.021,251.237,0.062,49
1787256633,35,50,27165,8859,42,0.0,253.389,348.283,0.01,0.003,0,0.022,253.298,0.069,44
1787256634,36,50,29121,9239,48,0.0,296.171,360.957,0.005,0,0,0.019,296.082,0.07,46
1787256635,37,50,29112,10305,51,0.0,261.537,353.906,0.008,0.002,0,0.019,261.455,0.064,50
1787256636,37,50,33468,10798,49,0.0,253.958,350.726,0.011,0.003,0,0.032,253.861,0.065,53
1787256637,38,50,27868,9706,54,0.0,277.084,350.402,0.006,0,0,0.021,277.004,0.059,48
1787256638,39,50,32023,10484,52,0.0,238.036,344.787,0.029,0.016,0,0.028,237.938,0.07,51
1787256639,39,50,33820,11753,54,0.0,254.439,349.225,0.011,0.003,0,0.021,254.347,0.071,56
1787256640,40,50,31746,11374,55,0.0,249.053,348.967,0.007,0,0,0.025,248.954,0.074,56
1787256641,41,50,36814,12284,59,0.0,250.864,352.794,0.009,0.002,0,0.024,250.779,0.06,60
1787256642,41,50,34017,10615,59,0.0,246.033,346.254,0.012,0.003,0,0.028,245.929,0.077,53
1787256643,42,50,38218,11921,56,0.0,248.446,347.097,0.006,0,0,0.022,248.346,0.078,59
1787256644,43,50,31934,10896,57,0.0,247.492,348.917,0.009,0.002,0,0.025,247.395,0.072,53
1787256645,43,50,36899,11491,51,0.0,261.706,354.692,0.009,0.003,0,0.022,261.611,0.073,56
1787256646,44,50,35452,12412,53,0.0,267.213,363.564,0.006,0,0,0.02,267.117,0.075,61
1787256647,45,50,36652,11284,63,0.0,272.383,360.49,0.012,0.005,0,0.022,272.286,0.076,56
1787256648,45,50,42986,13622,69,0.0,255.178,375.802,0.008,0.002,0,0.022,255.071,0.086,66
1787256649,46,50,35768,12939,62,0.0,259.787,352.642,0.006,0,0,0.021,259.702,0.064,61
1787256650,47,50,45464,14186,65,0.0,255.672,347.903,0.008,0.002,0,0.019,255.594,0.059,70
1787256651,47,50,35176,11685,65,0.0,268.745,356.823,0.009,0.002,0,0.021,268.648,0.076,57
1787256652,48,50,36266,12653,64,0.0,257.288,350.977,0.006,0,0,0.024,257.195,0.069,62
1787256653,49,50,39332,12982,63,0.0,255.72,347.287,0.011,0.003,0,0.027,255.616,0.078,63
1787256654,49,50,40978,12952,59,0.0,261.953,358.585,0.016,0.008,0,0.023,261.846,0.084,64
1787256655,50,50,41879,14163,70,0.0,249.719,354.292,0.006,0,0,0.021,249.621,0.078,71
1787256656,50,50,47219,12668,65,0.0,246.105,344.123,0.006,0,0,0.022,246.022,0.062,63
1787256657,50,50,39470,12496,66,0.0,245.294,352.856,0.006,0,0,0.023,245.202,0.069,61
1787256658,49,50,38902,13131,60,0.0,240.184,341.62,0.006,0,0,0.022,240.096,0.066,64
1787256659,49,50,44143,13524,74,0.0,240.287,351.258,0.006,0,0,0.023,240.192,0.071,67
1787256660,49,50,44847,14204,65,0.0,249.582,352.448,0.006,0,0,0.024,249.483,0.074,69
1787256661,49,50,39327,12366,61,0.0,245.158,353.792,0.006,0,0,0.023,245.071,0.065,60
1787256662,48,50,40363,12939,61,0.0,245.201,349.001,0.006,0,0,0.021,245.113,0.067,62
1787256663,48,50,37278,13152,62,0.0,246.68,347.013,0.006,0,0,0.019,246.597,0.064,65
1787256664,48,50,43567,14605,64,0.0,252.479,354.601,0.005,0,0,0.019,252.398,0.062,70
1787256665,48,50,38774,12164,68,0.0,266.147,360.724,0.006,0,0,0.024,266.058,0.065,60
1787256666,47,50,36647,12942,58,0.0,260.762,348.307,0.006,0,0,0.023,260.672,0.067,63
1787256667,47,50,39389,12622,63,0.0,260.676,346.673,0.006,0,0,0.02,260.588,0.068,61
1787256668,47,50,38835,11407,62,0.0,245.058,347.357,0.006,0,0,0.021,244.971,0.066,56
1787256669,46,50,41863,14092,60,0.0,242.416,347.741,0.007,0,0,0.021,242.322,0.073,67
1787256670,46,50,40034,13286,63,0.0,245.569,349.245,0.007,0,0,0.024,245.472,0.072,63
1787256671,46,50,39200,11522,60,0.0,247.578,347.385,0.006,0,0,0.02,247.494,0.064,58
1787256672,46,50,40651,12502,59,0.0,250.6,345.177,0.005,0,0,0.017,250.518,0.065,62
1787256673,45,50,37383,12374,59,0.0,236.238,344.048,0.005,0,0,0.021,236.154,0.064,60
1787256674,45,50,39960,12230,62,0.0,265.416,353.354,0.007,0,0,0.022,265.326,0.067,61
1787256675,45,50,39490,11805,59,0.0,245.223,349.006,0.006,0,0,0.021,245.135,0.067,57
1787256676,44,50,40917,12595,54,0.0,236.837,343.045,0.007,0,0,0.025,236.737,0.074,62
1787256677,44,50,34619,11449,59,0.0,244.156,350.133,0.007,0,0,0.025,244.064,0.068,56
1787256678,44,50,39702,11489,58,0.0,262.662,352.42,0.006,0,0,0.021,262.579,0.061,57
1787256679,44,50,38585,11142,59,0.0,243.43,348.829,0.005,0,0,0.019,243.345,0.066,55
1787256680,43,50,42051,12204,64,0.0,241.756,348.008,0.007,0,0,0.025,241.658,0.073,60
1787256681,43,50,41147,13127,56,0.0,251.36,352.812,0.007,0,0,0.02,251.267,0.073,65
1787256682,43,50,32536,11011,62,0.0,254.889,351.729,0.009,0,0,0.034,254.789,0.067,55
1787256683,42,50,39514,11459,57,0.0,259.307,350.187,0.014,0,0,0.022,259.208,0.077,56
1787256684,42,50,35530,11601,55,0.0,254.478,346.555,0.007,0,0,0.026,254.388,0.064,56
1787256685,42,50,37175,11853,32,0.0,247.593,327.331,0.006,0,0,0.131,247.361,0.101,58
1787256686,42,50,16559,4594,22,0.0,683.798,1089.504,0.008,0,0,0.03,683.365,0.403,23
1787256687,42,50,19488,5005,47,0.0,947.595,1731.015,0.007,0,0,0.035,947.436,0.124,25
1787256688,41,50,36213,11119,56,0.0,292.886,397.858,0.006,0,0,0.02,292.802,0.064,55
1787256689,41,50,31655,10667,51,0.0,259.281,367.145,0.007,0,0,0.029,259.177,0.076,51
1787256690,40,50,32829,10915,51,0.0,261.096,364.834,0.006,0,0,0.021,261.012,0.063,53
1787256691,40,50,34620,10750,50,0.0,261.3,372.756,0.005,0,0,0.019,261.217,0.064,53
1787256692,40,50,36587,12183,60,0.0,250.29,370.162,0.006,0,0,0.02,250.206,0.064,58
1787256693,40,50,37341,10821,50,0.0,251.581,349.194,0.006,0,0,0.02,251.498,0.062,53
1787256694,39,50,33227,10298,50,0.0,256.035,356.318,0.006,0,0,0.024,255.915,0.097,51
1787256695,39,50,30158,9450,56,0.0,254.069,348.231,0.007,0,0,0.025,253.964,0.079,46
1787256696,39,50,39512,11187,48,0.0,258.577,413.909,0.006,0,0,0.022,258.494,0.061,55
1787256697,38,50,31809,9887,52,0.0,243.113,335.901,0.006,0,0,0.02,243.023,0.07,49
1787256698,38,50,30790,9480,43,0.0,253.999,350.171,0.006,0,0,0.021,253.924,0.055,47
1787256699,38,50,38602,10801,54,0.0,241.883,346.569,0.005,0,0,0.019,241.803,0.06,54
1787256700,38,50,36365,11889,56,0.0,247.629,348.132,0.006,0,0,0.022,247.545,0.062,58
1787256701,37,50,27851,9815,48,0.0,247.016,351.752,0.005,0,0,0.018,246.927,0.071,48
1787256702,37,50,28709,9822,52,0.0,246.909,345.331,0.006,0,0,0.023,246.827,0.059,48
1787256703,37,50,32457,11176,50,0.0,255.119,352.22,0.006,0,0,0.024,255.024,0.07,53
1787256704,37,50,28960,9318,46,0.0,247.853,348.197,0.005,0,0,0.018,247.766,0.069,45
1787256705,36,50,38112,10873,48,0.0,245.992,349.82,0.006,0,0,0.022,245.886,0.084,53
1787256706,36,50,24686,8919,47,0.0,243.886,350.362,0.006,0,0,0.022,243.786,0.079,44
1787256707,36,50,32788,9941,52,0.0,247.732,342.166,0.008,0,0,0.03,247.633,0.07,49
1787256708,35,50,31688,9613,44,0.0,256.041,354.218,0.006,0,0,0.024,255.94,0.077,47
1787256709,35,50,36570,9978,46,0.0,242.195,347.202,0.006,0,0,0.021,242.108,0.067,49
1787256710,35,50,32561,9532,51,0.0,248.1,344.327,0.005,0,0,0.02,248.023,0.057,47
1787256711,35,50,31225,9315,45,0.0,255.289,349.609,0.006,0,0,0.021,255.198,0.07,45
1787256712,34,50,25008,8573,44,0.0,250.5,356.824,0.006,0,0,0.019,250.423,0.058,42
1787256713,34,50,24818,8876,37,0.0,250.396,345.06,0.008,0,0,0.022,250.312,0.062,44
1787256714,34,50,28602,9612,49,0.0,263.715,348.972,0.007,0,0,0.025,263.612,0.078,46
1787256715,33,50,29558,8591,48,0.0,254.876,351.629,0.007,0,0,0.025,254.778,0.073,42
1787256716,33,50,26553,8641,41,0.0,239.671,336.063,0.007,0,0,0.024,239.579,0.068,43
1787256717,33,50,31336,9492,46,0.0,254.876,378.894,0.006,0,0,0.024,254.778,0.074,47
1787256718,33,50,25225,8147,41,0.0,235.605,346.221,0.005,0,0,0.018,235.524,0.062,40
1787256719,33,50,27793,9629,45,0.0,247.939,344.026,0.007,0,0,0.023,247.858,0.058,46
1787256720,33,50,29237,8145,37,0.0,257.148,347.45,0.007,0,0,0.019,257.06,0.069,41
1787256721,32,50,27531,9524,47,0.0,243.935,346.156,0.005,0,0,0.02,243.849,0.066,47
1787256722,32,50,22131,8050,39,0.0,252.527,351.822,0.007,0,0,0.026,252.439,0.062,38
1787256723,32,50,29700,8487,41,0.0,234.002,350.537,0.006,0,0,0.022,233.909,0.071,41
1787256724,32,50,26044,9384,47,0.0,241.89,347.616,0.007,0,0,0.026,241.776,0.088,44
1787256725,32,50,33092,10117,43,0.0,252.148,346.467,0.005,0,0,0.017,252.039,0.091,49
1787256726,32,50,27647,7741,45,0.0,265.475,352.223,0.006,0,0,0.026,265.38,0.069,39
1787256727,31,50,23947,8107,39,0.0,254.313,353.772,0.006,0,0,0.021,254.227,0.065,40
1787256728,31,50,26146,8845,40,0.0,268.742,393.682,0.006,0,0,0.02,268.658,0.064,43
1787256729,31,50,33385,9420,45,0.0,248.504,352.696,0.006,0,0,0.02,248.413,0.071,47
1787256730,31,50,24529,7897,44,0.0,249.92,349.412,0.006,0,0,0.021,249.836,0.063,38
1787256731,31,50,30766,8325,39,0.0,257.333,349.344,0.006,0,0,0.023,257.246,0.065,41
1787256732,31,50,26586,9092,43,0.0,249.017,350.603,0.005,0,0,0.021,248.925,0.07,43
1787256733,30,50,28465,9252,43,0.0,238.938,343.046,0.006,0,0,0.019,238.84,0.079,45
1787256734,30,50,23278,8254,38,0.0,252.794,351.521,0.007,0,0,0.026,252.693,0.076,41
1787256735,30,50,28193,8553,45,0.0,247.625,348.359,0.006,0,0,0.021,247.539,0.064,42
1787256736,30,50,23162,8143,40,0.0,251.297,341.218,0.005,0,0,0.018,251.21,0.069,40
1787256737,30,50,24437,7489,39,0.0,256.091,349.598,0.006,0,0,0.02,255.987,0.085,37
1787256738,30,50,28883,9245,40,0.0,244.928,348.611,0.008,0,0,0.03,244.82,0.079,44
1787256739,29,50,30614,8692,41,0.0,242.019,346.17,0.006,0,0,0.023,241.93,0.067,43
1787256740,29,50,25987,6783,38,0.0,245.13,348.279,0.006,0,0,0.03,245.015,0.084,34
1787256741,29,50,24261,7982,37,0.0,255.524,347.036,0.006,0,0,0.018,255.436,0.07,39
1787256742,29,50,21316,7185,39,0.0,241.3,346.403,0.006,0,0,0.024,241.205,0.072,35
1787256743,29,50,30605,8545,37,0.0,247.051,348.029,0.008,0,0,0.027,246.942,0.082,43
1787256744,29,50,22611,7353,36,0.0,249.98,354.243,0.079,0,0,0.033,249.876,0.071,35
1787256745,28,50,23229,7930,40,0.0,243.954,349.299,0.008,0,0,0.085,243.786,0.083,39
1787256746,28,50,22402,7535,36,0.0,249.624,345.651,0.006,0,0,0.018,249.543,0.063,37
1787256747,28,50,23572,7232,33,0.0,246.645,342.353,0.006,0,0,0.021,246.54,0.084,35
1787256748,28,50,24223,8283,43,0.0,256.702,350.551,0.006,0,0,0.024,256.608,0.069,40
1787256749,28,50,21272,7263,35,0.0,251.398,346.127,0.007,0,0,0.025,251.288,0.085,36
1787256750,28,50,24642,8019,46,0.0,248.794,347.334,0.008,0,0,0.029,248.642,0.122,40
1787256751,27,50,20364,6612,27,0.0,260.389,344.051,0.006,0,0,0.02,260.312,0.057,33
1787256752,27,50,20731,6120,32,0.0,237.401,341.967,0.006,0,0,0.023,237.304,0.074,30
1787256753,27,50,20839,7505,35,0.0,265.853,379.89,0.007,0,0,0.023,265.76,0.07,36
1787256754,27,50,18297,7163,31,0.0,249.991,272.659,0.007,0,0,0.023,249.904,0.064,34
1787256755,27,50,22261,6204,21,0.0,289.983,416.707,0.006,0,0,0.021,289.896,0.066,31
1787256756,27,50,3041,960,0.0,0.0,0.0,0.0,0.0,0.0,0.0,0.0,0.0,0.0,5
1787256757,27,50,0.0,0.0,0.0,0.0,0.0,0.0,0.0,0.0,0.0,0.0,0.0,0.0,0.0
1787256758,27,27,0,5689,0.0,0.0,0.0,0.0,0.0,0.0,0.0,0.0,0.0,0.0,0.0
