scenario,strategy,weight_method,n_seeds,success_mean_pct,success_std_pct,urgent_mean_pct,urgent_std_pct,normal_mean_pct,normal_std_pct,fairness_mean,fairness_std,cap_util_mean_pct,cap_util_std_pct,filter_ms_mean,rank_ms_mean,allocate_ms_mean,total_ms_mean,total_ms_std,rejected_hard_mean,waitlist_mean
KB1,FIFO,-,30,99.914444,0.104197,99.918644,0.136849,99.913644,0.113153,0.999999,0.000001,61.675583,0.064319,0.000000,1.522800,0.116833,1.639633,0.249572,0.000000,2.566667
KB1,Rule-based,-,30,95.021111,0.411099,95.003311,1.202161,95.023070,0.425494,0.999958,0.000054,58.655007,0.253765,0.199467,1.532400,0.098900,1.830767,0.443343,148.066667,1.300000
KB1,TOPSIS,EWM,30,95.021111,0.411099,95.003311,1.202161,95.023070,0.425494,0.999958,0.000054,58.655007,0.253765,0.215733,1.909500,0.169733,2.294967,0.454887,148.066667,1.300000
KB1,Hybrid,EWM,30,95.064444,0.407396,95.003311,1.202161,95.074141,0.408151,0.999959,0.000052,58.681756,0.251479,0.235833,2.027433,48.765133,51.028400,3.471428,148.066667,2851.933333
KB1,TOPSIS,AHP,30,95.021111,0.411099,95.003311,1.202161,95.023070,0.425494,0.999958,0.000054,58.655007,0.253765,0.184367,1.667167,0.146400,1.997933,0.297822,148.066667,1.300000
KB1,Hybrid,AHP,30,95.064444,0.407396,95.003311,1.202161,95.074141,0.408151,0.999959,0.000052,58.681756,0.251479,0.249867,1.708667,49.117433,51.075967,4.677540,148.066667,2851.933333
KB2,FIFO,-,30,88.158889,0.468362,88.239389,1.457308,88.144795,0.583653,0.999905,0.000108,91.832176,0.487877,0.000000,1.532133,0.109633,1.641767,0.287549,0.000000,355.233333
KB2,Rule-based,-,30,85.993333,0.365085,89.035042,1.192729,85.454411,0.423897,0.999525,0.000295,89.576389,0.380297,0.237133,1.565233,0.100233,1.902600,0.394255,147.433333,272.766667
KB2,TOPSIS,EWM,30,85.993333,0.365085,94.935097,1.159733,84.415122,0.460178,0.996524,0.000828,89.576389,0.380297,0.215700,1.868833,0.133167,2.217700,0.282610,147.433333,272.766667
KB2,Hybrid,EWM,30,89.476667,0.378761,94.935097,1.159733,88.512953,0.447913,0.998730,0.000485,93.204861,0.394543,0.298500,2.103867,43.779800,46.182167,2.618730,147.433333,3020.833333
KB2,TOPSIS,AHP,30,85.993333,0.365085,94.935097,1.159733,84.415122,0.460178,0.996524,0.000828,89.576389,0.380297,0.216200,1.652467,0.157833,2.026500,0.247604,147.433333,272.766667
KB2,Hybrid,AHP,30,89.466667,0.412357,94.935097,1.159733,88.501247,0.474846,0.998726,0.000480,93.194444,0.429539,0.179767,1.718000,44.031967,45.929733,2.718452,147.433333,3021.133333
KB3,FIFO,-,30,53.984667,0.025015,54.094056,1.555872,53.969123,0.270595,0.999726,0.000347,99.971605,0.046324,0.000000,2.915433,0.175433,3.090867,0.671641,0.000000,2300.766667
KB3,Rule-based,-,30,53.967333,0.039123,61.988289,1.531498,52.544347,0.274173,0.993070,0.002388,99.939506,0.072449,0.398000,3.181967,0.182867,3.762833,0.741612,247.766667,2053.866667
KB3,TOPSIS,EWM,30,53.967333,0.039123,95.006826,0.841103,46.676371,0.342570,0.895762,0.003242,99.939506,0.072449,0.292000,3.487700,0.200133,3.979833,0.687753,247.766667,2053.866667
KB3,Hybrid,EWM,30,54.000000,0.000000,95.006826,0.841103,46.714833,0.345434,0.895961,0.003286,100.000000,0.000000,0.452533,3.309133,48.424567,52.186233,4.079270,247.766667,6804.466667
KB3,TOPSIS,AHP,30,53.967333,0.039123,95.006826,0.841103,46.676371,0.342570,0.895762,0.003242,99.939506,0.072449,0.343133,2.774167,0.214000,3.331300,0.465473,247.766667,2053.866667
KB3,Hybrid,AHP,30,54.000000,0.000000,95.006826,0.841103,46.714833,0.345434,0.895961,0.003286,100.000000,0.000000,0.490067,2.965167,48.036800,51.492033,4.902473,247.766667,6804.466667
KB4,FIFO,-,30,23.400000,0.000000,23.231321,0.993425,23.430102,0.171889,0.999373,0.000973,100.000000,0.000000,0.000000,6.647433,0.293867,6.941300,1.074523,0.000000,7660.000000
KB4,Rule-based,-,30,23.400000,0.000000,29.905910,1.086588,22.265716,0.178413,0.978711,0.006093,100.000000,0.000000,0.924367,4.931000,0.254833,6.110200,1.110272,2498.933333,5161.066667
KB4,TOPSIS,EWM,30,23.400000,0.000000,74.917812,1.034463,14.403216,0.283854,0.685438,0.004980,100.000000,0.000000,0.777167,5.211800,0.326200,6.315167,1.228190,2498.933333,5161.066667
KB4,Hybrid,EWM,30,23.400000,0.000000,75.016492,1.040868,14.385987,0.284496,0.685007,0.004994,100.000000,0.000000,0.766100,5.201133,45.487700,51.454933,3.188785,2498.933333,12662.133333
KB4,TOPSIS,AHP,30,23.400000,0.000000,74.913484,1.035858,14.404004,0.282920,0.685458,0.004967,100.000000,0.000000,0.889667,3.911467,0.286533,5.087667,0.602584,2498.933333,5161.066667
KB4,Hybrid,AHP,30,23.400000,0.000000,75.014319,1.040056,14.386381,0.283913,0.685016,0.004982,100.000000,0.000000,0.884833,4.328033,44.886233,50.099100,2.378103,2498.933333,12662.133333
KB5,FIFO,-,30,64.658000,0.101621,64.285609,1.269987,64.725427,0.259078,0.999856,0.000177,99.780864,0.156823,0.000000,2.941367,0.188767,3.130133,0.562323,0.000000,1767.100000
KB5,Rule-based,-,30,64.538667,0.135436,72.243856,1.275655,63.168638,0.257950,0.995436,0.001381,99.596708,0.209007,0.507000,2.906133,0.248900,3.662033,0.758490,247.933333,1525.133333
KB5,TOPSIS,EWM,30,64.538667,0.135436,94.945667,0.817971,59.121213,0.295787,0.948692,0.002269,99.596708,0.209007,0.392300,3.181300,0.248633,3.822233,0.750703,247.933333,1525.133333
KB5,Hybrid,EWM,30,64.793333,0.016884,94.945667,0.817971,59.420954,0.309046,0.949688,0.002366,99.989712,0.026055,0.548233,3.365167,67.906300,71.819700,4.702045,247.933333,6264.466667
KB5,TOPSIS,AHP,30,64.538667,0.135436,94.945667,0.817971,59.121213,0.295787,0.948692,0.002269,99.596708,0.209007,0.341267,2.844233,0.234767,3.420267,0.885032,247.933333,1525.133333
KB5,Hybrid,AHP,30,64.793333,0.020567,94.945667,0.817971,59.420949,0.310590,0.949688,0.002371,99.989712,0.031739,0.476567,3.063133,68.136100,71.675800,8.729897,247.933333,6264.466667
KB6,FIFO,-,30,64.645333,0.083034,64.482240,0.738480,64.770182,0.595476,0.999894,0.000122,99.761317,0.128140,0.000000,3.011267,0.187733,3.199000,0.544090,0.000000,1767.733333
KB6,Rule-based,-,30,64.506000,0.120476,69.541619,0.664535,60.381788,0.587635,0.994974,0.001277,99.546296,0.185920,0.407133,3.062900,0.188667,3.658700,0.615938,250.000000,1524.700000
KB6,TOPSIS,EWM,30,64.506000,0.120476,94.356761,0.630554,40.083654,0.835376,0.859816,0.005608,99.546296,0.185920,0.301767,3.490933,0.224900,4.017600,0.731595,250.000000,1524.700000
KB6,Hybrid,EWM,30,64.795333,0.013578,94.896976,0.520966,40.165606,0.823127,0.858901,0.005540,99.992798,0.020954,0.409500,3.254800,66.810167,70.474467,4.420087,250.000000,6260.233333
KB6,TOPSIS,AHP,30,64.506000,0.120476,93.934092,0.626166,40.431172,0.773828,0.863101,0.005055,99.546296,0.185920,0.354833,2.824733,0.210200,3.389767,0.495579,250.000000,1524.700000
KB6,Hybrid,AHP,30,64.796000,0.011017,94.651848,0.499049,40.368607,0.771426,0.860813,0.005025,99.993827,0.017002,0.437467,3.041600,67.219667,70.698733,4.317020,250.000000,6260.200000
